INSERT INTO public.shop_category (id, name, description) VALUES (1, 'ДУХОВЫЕ', 'Это такие штуки в которые дуют.');INSERT INTO public.shop_category (id, name, description) VALUES (2, 'УДАРНЫЕ', 'В них стучат.');INSERT INTO public.shop_category (id, name, description) VALUES (3, 'СТРУННЫЕ', 'То, что со трунами.');INSERT INTO public.shop_subcategory (id, name, category_id) VALUES (1, 'Гитары', 3);INSERT INTO public.shop_subcategory (id, name, category_id) VALUES (2, 'Барабаны', 2);INSERT INTO public.shop_subcategory (id, name, category_id) VALUES (3, 'Балалайки', 3);INSERT INTO public.shop_subcategory (id, name, category_id) VALUES (4, 'Флейты', 1);INSERT INTO public.shop_subcategory (id, name, category_id) VALUES (5, 'Саксафоны', 3);INSERT INTO public.shop_photo (id, filename) VALUES (5, 'media/images/dudka.jpg');INSERT INTO public.shop_photo (id, filename) VALUES (1, 'media/images/none.png');INSERT INTO public.shop_photo (id, filename) VALUES (4, 'media/images/baraban.jpg');INSERT INTO public.shop_photo (id, filename) VALUES (6, 'media/images/garmon.jpg');INSERT INTO public.shop_photo (id, filename) VALUES (2, 'media/images/6027.jpg');INSERT INTO public.shop_photo (id, filename) VALUES (3, 'media/images/balalaika.gif');INSERT INTO public.shop_photo (id, filename) VALUES (7, 'media/images/gitara-stimpank-1.jpg');INSERT INTO public.shop_photo (id, filename) VALUES (8, 'media/images/gitara2.png');INSERT INTO public.shop_photo (id, filename) VALUES (9, 'media/images/gitara3.jpg');INSERT INTO public.shop_photo (id, filename) VALUES (10, 'media/images/gitara4.jpg');INSERT INTO public.shop_photo (id, filename) VALUES (11, 'media/images/Goboj.jpg');INSERT INTO public.shop_photo (id, filename) VALUES (12, 'media/images/saxofon.jpg');INSERT INTO public.shop_photo (id, filename) VALUES (13, 'media/images/skripka.jpg');INSERT INTO public.shop_address (id, address) VALUES (1, 'Москва Кремль');INSERT INTO public.shop_address (id, address) VALUES (2, 'Минск, Ленина 1-4');INSERT INTO public.shop_address (id, address) VALUES (3, 'Минск, пр.Пушкина 18-134');INSERT INTO public.shop_address (id, address) VALUES (4, 'с.Степное д.3');INSERT INTO public.shop_address (id, address) VALUES (5, 'трасса е-95, 105-й километр');INSERT INTO public.shop_address (id, address) VALUES (6, 'улица Революционная 9, Минск');INSERT INTO public.shop_address (id, address) VALUES (7, 'улица Октябрьская 5, Минск');INSERT INTO public.shop_address (id, address) VALUES (8, 'Минск, ул. Марьевская 2-15');INSERT INTO public.shop_address (id, address) VALUES (9, 'Magdaleena 3, 11312 Tallinn');INSERT INTO public.shop_address (id, address) VALUES (10, 'Moscow, ulitsa Lesnaya, 5, kv. 176');INSERT INTO public.shop_new (id, newsheader, newstext, newsdate) VALUES (1, 'Мы открылись!', 'Шутка. Ещё нет.', '2017-06-14 22:03:45.633959');INSERT INTO public.shop_new (id, newsheader, newstext, newsdate) VALUES (2, 'Лето будет теплым.', 'Так Ванга предсказала.', '2017-06-14 22:04:13.332790');INSERT INTO public.shop_new (id, newsheader, newstext, newsdate) VALUES (3, 'Нужны новые новости!', 'Присылайте нам ваши новости.', '2017-06-14 22:04:38.710583');INSERT INTO public.shop_product (id, name, manufacturer, price, photo, description, subcategory_id) VALUES (1, 'Гитара семиструнная', 'ИП Криворуков', 2.99, '1', 'гитара с 7-ю струнами', 1);INSERT INTO public.shop_product (id, name, manufacturer, price, photo, description, subcategory_id) VALUES (2, 'Балалайка из берёзы', 'ООО "Пинскдрев"', 1.50, '2,3', 'отличная балалайка', 3);INSERT INTO public.shop_product (id, name, manufacturer, price, photo, description, subcategory_id) VALUES (3, 'Барабан детский', 'ЗОА "Музинструмент"', 3.00, '1', 'порадуй ребенка!', 2);INSERT INTO public.shop_product (id, name, manufacturer, price, photo, description, subcategory_id) VALUES (4, 'Saxophone Adolph', 'noname', 9.00, '4', 'антикварная вещь', 5);INSERT INTO public.shop_product (id, name, manufacturer, price, photo, description, subcategory_id) VALUES (5, 'Бубен', 'ИП Бубенцов', 3.00, '1', 'бубен такой бубен', 2);INSERT INTO public.shop_product (id, name, manufacturer, price, photo, description, subcategory_id) VALUES (6, 'Литавры', 'ИП Бубенцов', 11.00, '1', 'комплект из 2-х штук', 2);INSERT INTO public.shop_client (id, firstname, lastname, username, password, email, phone, addresslist) VALUES (1, 'Вася', 'Иванов', 'Vasya', '123', 'asd@tut.byy', '+375297038408', '1');INSERT INTO public.shop_client (id, firstname, lastname, username, password, email, phone, addresslist) VALUES (2, 'Петя', 'Сидоров', 'peter', '123', 'gsf@tut.by', '+375292345678', '2');INSERT INTO public.shop_client (id, firstname, lastname, username, password, email, phone, addresslist) VALUES (3, 'Зина', 'Рябчикова', 'zinka', '123', 'adfg@tut.by', '+375297098765', '3,4');INSERT INTO public.shop_client (id, firstname, lastname, username, password, email, phone, addresslist) VALUES (4, 'Bob', 'Marley', 'Robert Nesta', '123', 'bob@tut.by', '+375298097623', '');INSERT INTO public.shop_order (id, orderstartdate, orderenddate, status, ordercost, client_id) VALUES (1, '2017-06-14 22:04:59.103574', '2017-06-14 22:04:59.103574', 'Open', 0.00, 1);INSERT INTO public.shop_order (id, orderstartdate, orderenddate, status, ordercost, client_id) VALUES (2, '2017-06-14 22:05:12.117930', '2017-06-14 22:05:12.117930', 'Open', 0.00, 2);INSERT INTO public.shop_order (id, orderstartdate, orderenddate, status, ordercost, client_id) VALUES (3, '2017-06-14 22:05:18.291100', '2017-06-14 22:15:40.105182', 'Done', 4.50, 3);INSERT INTO public.shop_orderitem (id, quantity, order_id, product_id) VALUES (1, 1, 1, 4);INSERT INTO public.shop_orderitem (id, quantity, order_id, product_id) VALUES (2, 1, 2, 1);INSERT INTO public.shop_orderitem (id, quantity, order_id, product_id) VALUES (3, 2, 2, 3);INSERT INTO public.shop_orderitem (id, quantity, order_id, product_id) VALUES (4, 1, 3, 2);INSERT INTO public.shop_orderitem (id, quantity, order_id, product_id) VALUES (5, 1, 3, 5);